id,kind,file,t_start,t_end,u_pct,T_lo,T_hi,use,quality,note
pp-20260716-111148,jump,cd10_20260715_prepython.csv,2026-07-16T11:11:48.015,2026-07-16T12:40:40.014,25.0,204.99,228.7,excluded,over-extrapolated,
pp-20260716-124044,jump,cd10_20260715_prepython.csv,2026-07-16T12:40:44.000,2026-07-16T14:18:56.010,30.0,223.07,238.23,excluded,over-extrapolated,
pp-20260716-141900,jump,cd10_20260715_prepython.csv,2026-07-16T14:19:00.015,2026-07-16T14:47:36.010,33.0,231.45,240.97,tau,tau,
pp-20260716-144752,jump,cd10_20260715_prepython.csv,2026-07-16T14:47:52.001,2026-07-16T15:11:24.010,35.0,240.98,247.48,tau,tau,
pp-20260716-151128,jump,cd10_20260715_prepython.csv,2026-07-16T15:11:28.003,2026-07-16T16:28:52.001,38.0,247.2,258.78,excluded,over-extrapolated,
pp-20260716-162856,jump,cd10_20260715_prepython.csv,2026-07-16T16:28:56.003,2026-07-16T18:53:32.014,40.0,250.33,261.86,excluded,over-extrapolated,
pp-20260716-185336,hold,cd10_20260715_prepython.csv,2026-07-16T18:53:36.011,2026-07-17T12:47:24.002,43.0,18.124,263.29,excluded,over-extrapolated,"Not a dwell: 17.9 h of the original cooldown at a fixed 43%, 263 K down to 18 K. The pole fit extrapolates to -190 K, which is what over-extrapolated is for. Kept as a row rather than dropped so that the accounting is complete and a grader change here shows as a verdict flip rather than as a new line."
pp-20260717-124728,jump,cd10_20260715_prepython.csv,2026-07-17T12:47:28.005,2026-07-17T12:48:32.016,48.0,18.408,22.4,steady,steady,
pp-20260717-124836,jump,cd10_20260715_prepython.csv,2026-07-17T12:48:36.012,2026-07-17T12:49:40.010,52.0,22.404,27.153,steady,steady,
pp-20260717-125304,jump,cd10_20260715_prepython.csv,2026-07-17T12:53:04.006,2026-07-17T12:55:44.002,65.0,80.732,90.806,excluded,over-extrapolated,
pp-20260717-125548,jump,cd10_20260715_prepython.csv,2026-07-17T12:55:48.004,2026-07-17T12:58:52.010,64.0,91.004,93.177,excluded,over-extrapolated,
pp-20260717-125856,jump,cd10_20260715_prepython.csv,2026-07-17T12:58:56.013,2026-07-17T13:08:28.011,63.5,92.572,93.882,excluded,over-extrapolated,
pp-20260717-130832,jump,cd10_20260715_prepython.csv,2026-07-17T13:08:32.013,2026-07-17T13:10:28.015,63.0,92.885,93.891,excluded,unsettled,
pp-20260717-131032,jump,cd10_20260715_prepython.csv,2026-07-17T13:10:32.015,2026-07-17T13:19:28.001,63.2,92.792,93.768,excluded,over-extrapolated,
pp-20260717-131932,jump,cd10_20260715_prepython.csv,2026-07-17T13:19:32.009,2026-07-17T15:38:24.016,63.1,93.699,94.909,excluded,over-extrapolated,
pp-20260717-153828,jump,cd10_20260715_prepython.csv,2026-07-17T15:38:28.008,2026-07-17T15:42:04.010,63.05,94.682,94.903,excluded,unsettled,
pp-20260717-154208,hold,cd10_20260715_prepython.csv,2026-07-17T15:42:08.005,2026-07-20T17:02:59.014,63.0757,94.655,97.275,excluded,over-extrapolated,
pp-20260723-102648,jump,cd10_20260715_prepython.csv,2026-07-23T10:26:48.000,2026-07-23T11:07:03.999,63.072,98.476,98.844,steady,steady,
pp-20260723-112526,hold,cd10_20260715_prepython.csv,2026-07-23T11:25:26.000,2026-07-25T20:09:41.994,63.072,98.203,99.364,steady,steady,
pp-20260725-201607,hold,cd10_20260715_prepython.csv,2026-07-25T20:16:07.000,2026-07-31T20:42:39.003,63.072,99.006,99.78,steady,steady,
pp-20260808-155602,jump,cd10_20260715_prepython.csv,2026-08-08T15:56:02.000,2026-08-08T16:10:02.008,63.072,99.577,99.658,excluded,unresolved,"excluded by the plant clock at a margin of 1.6 in tau, not the three orders of magnitude the other ceiling pins enjoy: 840 s against MIN_REACH x 445.9 s, so tau(99.42 K) would have to be 37 % low to keep it. Checked at 99 K rather than assumed - the bracketing tau anchors interpolate to 445.9 s against the shipped table's 436.4 s, 2.2 % apart. AUDIT-2026-09-10-REJOINDER.md step 2; the one verdict of these to read rather than wave through."
pp-20260808-161012,jump,cd10_20260715_prepython.csv,2026-08-08T16:10:12.005,2026-08-08T16:17:32.005,63.3,99.617,101.43,excluded,unsettled,
pp-20260808-163152,jump,cd10_20260715_prepython.csv,2026-08-08T16:31:52.002,2026-08-08T16:42:32.005,64.6,119.2,119.53,excluded,unsettled,
pp-20260808-164632,hold,cd10_20260715_prepython.csv,2026-08-08T16:46:32.009,2026-08-09T23:06:32.000,65.37,128.46,130.24,tau,tau,
pp-20260809-231022,jump,cd10_20260715_prepython.csv,2026-08-09T23:10:22.013,2026-08-09T23:14:52.012,65.7,132.75,133.4,excluded,unsettled,
pp-20260809-231502,hold,cd10_20260715_prepython.csv,2026-08-09T23:15:02.008,2026-08-11T08:10:02.000,65.6,133.0,133.43,steady,steady,
pp-20260811-081012,hold,cd10_20260715_prepython.csv,2026-08-11T08:10:12.008,2026-08-12T00:42:32.013,65.9,133.25,137.43,tau,tau,
pp-20260812-004242,jump,cd10_20260715_prepython.csv,2026-08-12T00:42:42.012,2026-08-12T00:47:12.001,66.0,137.33,137.84,excluded,unsettled,
pp-20260812-004722,hold,cd10_20260715_prepython.csv,2026-08-12T00:47:22.003,2026-08-12T12:38:52.011,66.0357,137.81,139.23,tau,tau,
pp-20260812-123902,jump,cd10_20260715_prepython.csv,2026-08-12T12:39:02.008,2026-08-12T12:53:42.004,66.12,139.07,139.97,excluded,unsettled,
pp-20260812-125352,hold,cd10_20260715_prepython.csv,2026-08-12T12:53:52.001,2026-08-13T00:17:02.005,66.1,139.81,140.02,steady,steady,
pp-20260813-001822,jump,cd10_20260715_prepython.csv,2026-08-13T00:18:22.002,2026-08-13T00:21:12.006,66.3,140.13,140.71,excluded,unsettled,
pp-20260813-002222,jump,cd10_20260715_prepython.csv,2026-08-13T00:22:22.012,2026-08-13T00:25:02.011,66.2918,141.18,141.45,excluded,unsettled,
pp-20260813-002722,hold,cd10_20260715_prepython.csv,2026-08-13T00:27:22.004,2026-08-13T13:26:12.004,66.234,141.57,141.8,steady,steady,
pp-20260813-132622,jump,cd10_20260715_prepython.csv,2026-08-13T13:26:22.005,2026-08-13T13:36:52.003,66.35,141.66,142.76,excluded,unsettled,
pp-20260813-133702,hold,cd10_20260715_prepython.csv,2026-08-13T13:37:02.003,2026-08-13T23:27:42.015,66.31,142.69,142.94,steady,steady,
pp-20260813-232832,jump,cd10_20260715_prepython.csv,2026-08-13T23:28:32.009,2026-08-13T23:32:02.005,66.4,142.95,143.23,excluded,unresolved,
pp-20260813-233312,jump,cd10_20260715_prepython.csv,2026-08-13T23:33:12.001,2026-08-13T23:38:02.011,66.45,143.7,144.09,excluded,unresolved,
pp-20260813-233812,hold,cd10_20260715_prepython.csv,2026-08-13T23:38:12.003,2026-08-14T13:56:52.004,66.417,143.91,144.22,steady,steady,
pp-20260814-135702,jump,cd10_20260715_prepython.csv,2026-08-14T13:57:02.007,2026-08-14T14:01:32.003,66.5993,143.97,144.84,excluded,unsettled,
pp-20260814-140222,hold,cd10_20260715_prepython.csv,2026-08-14T14:02:22.008,2026-08-14T22:21:22.006,66.4797,144.76,145.08,steady,steady,
pp-20260814-222132,jump,cd10_20260715_prepython.csv,2026-08-14T22:21:32.016,2026-08-14T22:24:42.007,66.65,144.94,145.55,excluded,over-extrapolated,
pp-20260814-222452,jump,cd10_20260715_prepython.csv,2026-08-14T22:24:52.002,2026-08-14T22:27:12.001,66.6,145.48,145.75,excluded,over-extrapolated,
pp-20260814-222832,jump,cd10_20260715_prepython.csv,2026-08-14T22:28:32.004,2026-08-14T22:32:52.008,66.65,145.66,146.13,excluded,unsettled,
pp-20260814-223452,jump,cd10_20260715_prepython.csv,2026-08-14T22:34:52.008,2026-08-14T22:38:02.005,66.55,145.91,146.01,excluded,unresolved,
pp-20260814-223812,hold,cd10_20260715_prepython.csv,2026-08-14T22:38:12.008,2026-08-15T09:48:52.008,66.5851,145.89,146.43,steady,steady,
pp-20260815-094902,jump,cd10_20260715_prepython.csv,2026-08-15T09:49:02.011,2026-08-15T09:51:32.001,66.9,146.28,147.23,excluded,over-extrapolated,
pp-20260815-095152,jump,cd10_20260715_prepython.csv,2026-08-15T09:51:52.015,2026-08-15T09:54:52.006,66.6183,147.09,147.32,excluded,unresolved,
pp-20260815-095502,jump,cd10_20260715_prepython.csv,2026-08-15T09:55:02.000,2026-08-15T09:58:22.005,66.6436,147.1,147.18,excluded,unresolved,
pp-20260815-100032,jump,cd10_20260715_prepython.csv,2026-08-15T10:00:32.009,2026-08-15T10:03:02.011,66.6878,147.26,147.41,excluded,over-extrapolated,
pp-20260815-100312,hold,cd10_20260715_prepython.csv,2026-08-15T10:03:12.006,2026-08-16T02:41:42.015,66.6715,147.31,147.61,steady,steady,
pp-20260816-024351,jump,cd10_20260715_prepython.csv,2026-08-16T02:43:51.015,2026-08-16T02:49:11.014,66.9,147.78,148.85,excluded,unsettled,
pp-20260816-025041,jump,cd10_20260715_prepython.csv,2026-08-16T02:50:41.000,2026-08-16T02:54:31.005,66.7725,148.81,148.92,excluded,unresolved,
pp-20260816-025441,hold,cd10_20260715_prepython.csv,2026-08-16T02:54:41.002,2026-08-16T14:58:21.011,66.788,148.79,149.98,steady,steady,
pp-20260816-145831,hold,cd10_20260715_prepython.csv,2026-08-16T14:58:31.006,2026-08-17T07:17:21.003,66.85,148.89,149.87,tau,tau,
pp-20260817-071731,hold,cd10_20260715_prepython.csv,2026-08-17T07:17:31.006,2026-08-17T16:09:01.008,66.95,149.78,151.2,tau,tau,
pp-20260817-161021,jump,cd10_20260715_prepython.csv,2026-08-17T16:10:21.014,2026-08-17T16:13:31.011,67.4,151.26,153.16,excluded,over-extrapolated,
pp-20260817-161441,jump,cd10_20260715_prepython.csv,2026-08-17T16:14:41.010,2026-08-17T16:17:01.004,69.0,154.19,158.35,excluded,over-extrapolated,
pp-20260817-161821,jump,cd10_20260715_prepython.csv,2026-08-17T16:18:21.005,2026-08-17T16:22:11.015,68.05,159.65,161.38,excluded,over-extrapolated,
pp-20260817-162321,jump,cd10_20260715_prepython.csv,2026-08-17T16:23:21.006,2026-08-17T16:36:41.015,67.7512,161.38,161.54,excluded,unresolved,
pp-20260817-163651,jump,cd10_20260715_prepython.csv,2026-08-17T16:36:51.005,2026-08-17T20:48:41.014,67.78,161.4,161.98,steady,steady,
pp-20260817-204941,jump,cd10_20260715_prepython.csv,2026-08-17T20:49:41.012,2026-08-17T20:52:41.013,70.0,161.9,169.18,excluded,over-extrapolated,
pp-20260817-205341,jump,cd10_20260715_prepython.csv,2026-08-17T20:53:41.010,2026-08-17T21:06:51.016,68.5,169.46,170.58,excluded,unsettled,
pp-20260817-210741,jump,cd10_20260715_prepython.csv,2026-08-17T21:07:41.010,2026-08-17T21:10:11.004,68.4,170.32,170.5,excluded,over-extrapolated,
pp-20260817-211021,jump,cd10_20260715_prepython.csv,2026-08-17T21:10:21.001,2026-08-17T21:15:51.003,68.45,170.3,170.43,excluded,unresolved,
pp-20260817-211601,jump,cd10_20260715_prepython.csv,2026-08-17T21:16:01.005,2026-08-17T21:20:11.001,68.4938,170.37,170.64,excluded,over-extrapolated,
pp-20260817-212021,jump,cd10_20260715_prepython.csv,2026-08-17T21:20:21.008,2026-08-17T23:09:31.002,68.46,170.48,170.77,steady,steady,
pp-20260817-230941,jump,cd10_20260715_prepython.csv,2026-08-17T23:09:41.006,2026-08-17T23:12:31.004,67.5,167.73,170.68,excluded,over-extrapolated,
pp-20260817-231511,jump,cd10_20260715_prepython.csv,2026-08-17T23:15:11.010,2026-08-17T23:19:51.005,62.0,132.99,159.33,excluded,over-extrapolated,
pp-20260817-232151,jump,cd10_20260715_prepython.csv,2026-08-17T23:21:51.003,2026-08-17T23:24:41.010,63.0,117.81,121.93,excluded,unsettled,
pp-20260817-232601,jump,cd10_20260715_prepython.csv,2026-08-17T23:26:01.000,2026-08-17T23:42:21.001,64.3,116.64,117.76,excluded,unsettled,
pp-20260817-234701,hold,cd10_20260715_prepython.csv,2026-08-17T23:47:01.005,2026-08-18T10:01:11.009,64.337,116.44,116.69,steady,steady,
pp-20260818-100121,jump,cd10_20260715_prepython.csv,2026-08-18T10:01:21.009,2026-08-18T10:06:51.000,64.9,116.47,119.82,excluded,over-extrapolated,
pp-20260818-100751,jump,cd10_20260715_prepython.csv,2026-08-18T10:07:51.008,2026-08-18T10:11:21.003,65.1,121.49,123.12,excluded,over-extrapolated,
pp-20260818-101211,jump,cd10_20260715_prepython.csv,2026-08-18T10:12:11.001,2026-08-18T10:23:11.006,65.0,124.18,124.89,excluded,unsettled,
pp-20260818-102321,jump,cd10_20260715_prepython.csv,2026-08-18T10:23:21.009,2026-08-18T10:27:11.008,64.95,124.74,124.88,excluded,over-extrapolated,
pp-20260818-102721,jump,cd10_20260715_prepython.csv,2026-08-18T10:27:21.006,2026-08-18T10:40:51.005,64.98,124.74,125.03,excluded,unsettled,
pp-20260818-104101,jump,cd10_20260715_prepython.csv,2026-08-18T10:41:01.007,2026-08-18T10:49:01.014,64.9598,124.81,125.01,excluded,unresolved,
pp-20260818-104911,jump,cd10_20260715_prepython.csv,2026-08-18T10:49:11.002,2026-08-18T15:04:41.001,64.975,124.8,125.04,steady,steady,
pp-20260818-150451,jump,cd10_20260715_prepython.csv,2026-08-18T15:04:51.008,2026-08-18T15:37:01.010,65.3,124.93,129.12,tau,tau,
pp-20260818-153711,jump,cd10_20260715_prepython.csv,2026-08-18T15:37:11.005,2026-08-18T15:59:41.014,65.27,128.75,129.12,excluded,unresolved,"excluded by the plant clock at a margin of 0.80 - 1350 s is 2.40 of the 562 s tau(T) says the plant has at 128.8 K, against MIN_REACH = 3. Its own pole reads 531 s at 15.4 sigma, which is under MIN_AMPLITUDE_SIGMA and so not believed; note that the pole and the plant clock AGREE here to 6 %, which is why this is a close call and not a wrong one - the dwell really did run about 2.5 time constants."
pp-20260818-155951,jump,cd10_20260715_prepython.csv,2026-08-18T15:59:51.006,2026-08-18T21:33:11.009,65.34,128.77,129.88,tau,tau,
pp-20260818-213321,jump,cd10_20260715_prepython.csv,2026-08-18T21:33:21.006,2026-08-18T21:38:31.008,65.8,129.72,132.31,excluded,over-extrapolated,
pp-20260818-214021,jump,cd10_20260715_prepython.csv,2026-08-18T21:40:21.010,2026-08-18T21:59:31.009,65.5809,132.21,132.89,excluded,unsettled,
pp-20260818-220201,hold,cd10_20260715_prepython.csv,2026-08-18T22:02:01.008,2026-08-19T07:32:31.010,65.55,132.42,132.69,steady,steady,
pp-20260819-073241,hold,cd10_20260715_prepython.csv,2026-08-19T07:32:41.015,2026-08-19T20:17:51.006,65.65,132.54,134.01,tau,tau,
pp-20260819-201821,jump,cd10_20260715_prepython.csv,2026-08-19T20:18:21.015,2026-08-19T20:21:51.000,66.0,134.25,135.63,excluded,unsettled,
pp-20260819-202301,hold,cd10_20260715_prepython.csv,2026-08-19T20:23:01.010,2026-08-20T06:53:51.024,65.7981,135.52,135.94,steady,steady,
pp-20260820-065401,jump,cd10_20260715_prepython.csv,2026-08-20T06:54:01.009,2026-08-20T07:07:51.014,65.9,135.66,136.68,excluded,unsettled,
pp-20260820-070801,jump,cd10_20260715_prepython.csv,2026-08-20T07:08:01.011,2026-08-20T12:46:21.008,65.88,136.55,136.79,steady,steady,
pp-20260820-124751,jump,cd10_20260715_prepython.csv,2026-08-20T12:47:51.001,2026-08-20T12:51:01.013,66.0,136.98,137.35,excluded,unsettled,
pp-20260820-125111,jump,cd10_20260715_prepython.csv,2026-08-20T12:51:11.003,2026-08-20T14:49:31.015,65.9342,137.33,137.52,steady,steady,
rec-20260824-171059,jump,cd10_20260824_recorder.csv,2026-08-24T17:10:59.118,2026-08-24T17:11:56.206,0.0,4.739,4.745,steady,steady,
rec-20260824-171158,jump,cd10_20260824_recorder.csv,2026-08-24T17:11:58.701,2026-08-24T17:12:36.232,1.9988,4.788,4.792,steady,steady,
rec-20260824-171238,jump,cd10_20260824_recorder.csv,2026-08-24T17:12:38.220,2026-08-24T17:14:08.239,19.998,7.667,8.428,steady,steady,
rec-20260824-171544,jump,cd10_20260824_recorder.csv,2026-08-24T17:15:44.223,2026-08-24T17:16:28.670,54.998,28.328,34.698,steady,steady,
rec-20260824-171630,jump,cd10_20260824_recorder.csv,2026-08-24T17:16:30.229,2026-08-24T17:17:44.235,59.997,34.979,51.95,excluded,unsettled,
rec-20260824-171746,jump,cd10_20260824_recorder.csv,2026-08-24T17:17:46.236,2026-08-24T17:20:12.203,62.997,52.213,73.591,excluded,over-extrapolated,
rec-20260824-172014,jump,cd10_20260824_recorder.csv,2026-08-24T17:20:14.251,2026-08-24T17:21:20.210,65.997,73.842,85.111,excluded,over-extrapolated,
rec-20260824-172122,jump,cd10_20260824_recorder.csv,2026-08-24T17:21:22.209,2026-08-24T17:28:06.215,63.998,85.351,101.84,excluded,over-extrapolated,
rec-20260824-172808,jump,cd10_20260824_recorder.csv,2026-08-24T17:28:08.222,2026-08-24T17:29:02.229,67.999,101.94,109.03,excluded,over-extrapolated,
rec-20260824-172904,jump,cd10_20260824_recorder.csv,2026-08-24T17:29:04.229,2026-08-24T17:30:34.232,69.998,109.28,122.98,excluded,over-extrapolated,
rec-20260824-173048,jump,cd10_20260824_recorder.csv,2026-08-24T17:30:48.214,2026-08-24T17:31:36.219,64.9973,122.83,122.94,excluded,unresolved,
rec-20260824-173138,jump,cd10_20260824_recorder.csv,2026-08-24T17:31:38.240,2026-08-24T20:05:22.213,65.4982,122.89,133.74,tau,tau,
rec-20260824-200524,jump,cd10_20260824_recorder.csv,2026-08-24T20:05:24.263,2026-08-24T20:06:10.217,66.497,133.66,134.74,excluded,over-extrapolated,
rec-20260824-200612,jump,cd10_20260824_recorder.csv,2026-08-24T20:06:12.230,2026-08-24T20:07:14.258,67.4974,134.82,137.48,excluded,over-extrapolated,
rec-20260824-200716,jump,cd10_20260824_recorder.csv,2026-08-24T20:07:16.258,2026-08-24T20:08:40.268,66.497,137.54,138.7,excluded,over-extrapolated,
rec-20260824-200842,jump,cd10_20260824_recorder.csv,2026-08-24T20:08:42.233,2026-08-24T20:09:26.225,66.2987,138.71,139.11,excluded,over-extrapolated,
rec-20260824-200928,jump,cd10_20260824_recorder.csv,2026-08-24T20:09:28.671,2026-08-24T20:12:56.246,66.1975,139.12,140.24,excluded,over-extrapolated,
rec-20260824-201258,jump,cd10_20260824_recorder.csv,2026-08-24T20:12:58.669,2026-08-25T00:09:10.316,66.098,140.18,141.84,tau,tau,
rec-20260825-000912,jump,cd10_20260824_recorder.csv,2026-08-25T00:09:12.316,2026-08-25T00:09:46.276,66.198,141.62,141.75,excluded,unresolved,
rec-20260825-000948,jump,cd10_20260824_recorder.csv,2026-08-25T00:09:48.275,2026-08-25T08:08:04.370,66.177,141.73,143.03,tau,tau,
rec-20260825-080806,jump,cd10_20260824_recorder.csv,2026-08-25T08:08:06.347,2026-08-25T08:10:48.352,66.247,142.87,143.13,excluded,unsettled,
rec-20260825-081112,hold,cd10_20260824_recorder.csv,2026-08-25T08:11:12.362,2026-08-25T17:16:38.437,66.2383,143.61,143.89,steady,steady,
rec-20260825-171640,jump,cd10_20260824_recorder.csv,2026-08-25T17:16:40.433,2026-08-25T23:45:46.476,66.2873,143.72,144.58,tau,tau,
rec-20260825-234548,jump,cd10_20260824_recorder.csv,2026-08-25T23:45:48.513,2026-08-25T23:46:24.480,66.348,144.43,144.5,excluded,unresolved,
rec-20260825-234626,jump,cd10_20260824_recorder.csv,2026-08-25T23:46:26.479,2026-08-25T23:47:06.496,66.4479,144.45,144.64,excluded,over-extrapolated,
rec-20260825-234824,hold,cd10_20260824_recorder.csv,2026-08-25T23:48:24.477,2026-08-26T08:27:32.570,66.348,144.94,145.41,steady,steady,
rec-20260826-082734,jump,cd10_20260824_recorder.csv,2026-08-26T08:27:34.552,2026-08-26T08:28:32.556,66.748,145.14,145.72,excluded,over-extrapolated,
rec-20260826-082834,jump,cd10_20260824_recorder.csv,2026-08-26T08:28:34.553,2026-08-26T13:04:29.079,66.397,145.66,145.96,steady,steady,
rec-20260826-130430,jump,cd10_20260824_recorder.csv,2026-08-26T13:04:30.597,2026-08-26T13:06:26.617,66.458,145.8,146.02,excluded,over-extrapolated,
rec-20260826-130644,jump,cd10_20260824_recorder.csv,2026-08-26T13:06:44.608,2026-08-26T13:07:59.066,66.458,146.13,146.22,excluded,unresolved,
rec-20260826-130800,jump,cd10_20260824_recorder.csv,2026-08-26T13:08:00.599,2026-08-26T13:08:30.632,66.857,146.15,146.47,excluded,unresolved,
rec-20260826-130832,hold,cd10_20260824_recorder.csv,2026-08-26T13:08:32.620,2026-08-26T21:49:49.899,66.467,146.46,147.05,steady,steady,
rec-20260826-214952,hold,cd10_20260824_recorder.csv,2026-08-26T21:49:52.367,2026-08-27T19:09:18.083,66.528,146.9,147.95,steady,steady,
rec-20260827-190920,jump,cd10_20260824_recorder.csv,2026-08-27T19:09:20.112,2026-08-27T19:10:58.132,66.577,147.77,147.95,excluded,unresolved,
rec-20260827-191100,jump,cd10_20260824_recorder.csv,2026-08-27T19:11:00.098,2026-08-27T19:12:26.106,66.876,147.93,148.55,excluded,over-extrapolated,
rec-20260827-191228,jump,cd10_20260824_recorder.csv,2026-08-27T19:12:28.087,2026-08-27T19:21:58.095,66.575,148.38,148.6,excluded,unresolved,
rec-20260827-192200,hold,cd10_20260824_recorder.csv,2026-08-27T19:22:00.137,2026-08-28T11:11:12.225,66.5979,148.39,148.96,excluded,over-extrapolated,
rec-20260828-125053,jump,cd10_20260824_recorder.csv,2026-08-28T12:50:53.075,2026-08-28T13:07:25.728,66.5979,148.63,148.82,excluded,unresolved,"excluded by the plant clock at a margin of 0.52 - 993 s is 1.57 of the 632 s tau(T) says the plant has at 148.75 K. 0.5 sigma of transient, so its own pole (154 s) measures nothing. Same rung as rec-20260828-130841 eighteen minutes later, which ran 1641 s and is also excluded; between them they are one dwell that was never held long enough."
rec-20260828-130841,jump,cd10_20260824_recorder.csv,2026-08-28T13:08:41.772,2026-08-28T13:36:02.372,66.5979,148.66,148.86,excluded,unresolved,"the closest call in the archive: margin 0.86, 1641 s against MIN_REACH x 632.7 s at 148.77 K. 1.1 sigma of transient, so nothing in the window measures its own tau and the plant clock is the only test there is. It would survive a MIN_REACH of 2.5 and fail one of 3; REFIT_PLAN.md 6.2 does not move MIN_REACH for it."
rec-20260828-141631,hold,cd10_20260824_recorder.csv,2026-08-28T14:16:31.492,2026-08-31T17:08:25.895,66.5979,148.59,149.11,steady,steady,
rec-20260831-170827,jump,cd10_20260824_recorder.csv,2026-08-31T17:08:27.898,2026-08-31T17:11:23.898,66.897,148.99,150.08,excluded,over-extrapolated,
rec-20260831-171125,jump,cd10_20260824_recorder.csv,2026-08-31T17:11:25.928,2026-08-31T17:12:23.922,66.998,150.09,150.46,excluded,over-extrapolated,
rec-20260831-171225,jump,cd10_20260824_recorder.csv,2026-08-31T17:12:25.906,2026-08-31T17:13:41.878,67.9989,150.49,152.55,excluded,over-extrapolated,
rec-20260831-171343,jump,cd10_20260824_recorder.csv,2026-08-31T17:13:43.912,2026-08-31T17:20:11.913,66.998,152.52,153.31,excluded,unsettled,
rec-20260831-172013,jump,cd10_20260824_recorder.csv,2026-08-31T17:20:13.894,2026-08-31T17:20:49.909,67.999,153.28,154.13,excluded,over-extrapolated,
rec-20260831-172051,hold,cd10_20260824_recorder.csv,2026-08-31T17:20:51.924,2026-09-01T11:30:24.132,66.998,154.07,154.45,steady,steady,
rec-20260901-113026,jump,cd10_20260824_recorder.csv,2026-09-01T11:30:26.088,2026-09-01T11:34:00.085,67.9984,154.28,158.21,excluded,over-extrapolated,
rec-20260901-113430,jump,cd10_20260824_recorder.csv,2026-09-01T11:34:30.071,2026-09-01T11:35:10.103,68.997,158.34,159.8,excluded,over-extrapolated,
rec-20260901-113512,jump,cd10_20260824_recorder.csv,2026-09-01T11:35:12.129,2026-09-01T11:41:40.115,67.5974,159.81,160.81,excluded,unsettled,
rec-20260901-114142,hold,cd10_20260824_recorder.csv,2026-09-01T11:41:42.127,2026-09-01T22:21:38.222,67.517,160.72,161.36,steady,steady,
rec-20260901-222208,jump,cd10_20260824_recorder.csv,2026-09-01T22:22:08.188,2026-09-01T22:25:00.209,69.998,162.1,169.81,excluded,over-extrapolated,
rec-20260901-222502,jump,cd10_20260824_recorder.csv,2026-09-01T22:25:02.623,2026-09-01T22:26:42.209,68.997,169.88,171.32,excluded,over-extrapolated,
rec-20260901-222644,jump,cd10_20260824_recorder.csv,2026-09-01T22:26:44.217,2026-09-01T22:27:22.213,68.499,171.31,171.46,excluded,unresolved,
rec-20260901-222724,jump,cd10_20260824_recorder.csv,2026-09-01T22:27:24.224,2026-09-01T22:28:16.221,68.197,171.21,171.45,excluded,over-extrapolated,
rec-20260901-222818,jump,cd10_20260824_recorder.csv,2026-09-01T22:28:18.204,2026-09-01T22:32:10.225,68.298,171.12,171.32,excluded,unresolved,
rec-20260901-223212,jump,cd10_20260824_recorder.csv,2026-09-01T22:32:12.226,2026-09-01T22:33:00.231,68.3987,171.11,171.33,excluded,unresolved,
rec-20260901-223312,jump,cd10_20260824_recorder.csv,2026-09-01T22:33:12.232,2026-09-01T22:38:16.203,68.3979,171.45,171.82,excluded,unresolved,
rec-20260901-223818,hold,cd10_20260824_recorder.csv,2026-09-01T22:38:18.199,2026-09-02T12:02:18.378,68.3585,171.77,172.28,steady,steady,
rec-20260902-120220,jump,cd10_20260824_recorder.csv,2026-09-02T12:02:20.380,2026-09-02T12:05:54.337,69.497,172.08,176.46,excluded,over-extrapolated,
rec-20260902-120556,jump,cd10_20260824_recorder.csv,2026-09-02T12:05:56.374,2026-09-02T12:06:58.368,69.897,176.5,177.96,excluded,over-extrapolated,
rec-20260902-120700,jump,cd10_20260824_recorder.csv,2026-09-02T12:07:00.364,2026-09-02T12:07:44.363,69.989,178.01,179.02,excluded,over-extrapolated,
rec-20260902-120746,jump,cd10_20260824_recorder.csv,2026-09-02T12:07:46.351,2026-09-02T12:10:06.362,69.1975,178.99,179.71,excluded,over-extrapolated,
rec-20260902-121008,jump,cd10_20260824_recorder.csv,2026-09-02T12:10:08.380,2026-09-02T12:15:50.395,69.097,179.62,180.43,excluded,unsettled,
rec-20260902-121608,jump,cd10_20260824_recorder.csv,2026-09-02T12:16:08.398,2026-09-02T12:17:12.405,68.798,180.07,180.43,excluded,unresolved,
rec-20260902-121714,jump,cd10_20260824_recorder.csv,2026-09-02T12:17:14.405,2026-09-02T12:17:48.372,68.899,179.97,180.12,excluded,unresolved,
rec-20260902-121806,jump,cd10_20260824_recorder.csv,2026-09-02T12:18:06.371,2026-09-02T12:18:44.355,68.997,179.98,180.13,excluded,unresolved,
rec-20260902-121858,jump,cd10_20260824_recorder.csv,2026-09-02T12:18:58.414,2026-09-02T12:29:20.400,69.0484,180.26,180.7,excluded,over-extrapolated,
rec-20260902-122922,jump,cd10_20260824_recorder.csv,2026-09-02T12:29:22.377,2026-09-02T12:30:58.385,68.997,180.46,180.72,excluded,over-extrapolated,
rec-20260902-123100,jump,cd10_20260824_recorder.csv,2026-09-02T12:31:00.354,2026-09-02T12:42:34.371,69.0196,180.43,180.65,excluded,unresolved,
rec-20260902-124250,hold,cd10_20260824_recorder.csv,2026-09-02T12:42:50.384,2026-09-03T14:48:54.651,69.027,180.38,180.76,steady,steady,"The 43 h sweep's opening hold, and a warning about region exports. The export starts 3.3 h into it, and over the 22.80 h it kept, the single-pole fit had only the drift to work with and returned tau = 19 days at reach 0.1 with T_inf 180.07 K. The archive has the approach as well: 26.10 h, tau = 1001 s, reach 94, T_inf 180.563 K. +0.489 K, and it is the export that was wrong -- exactly the failure steps.py's own docstring describes."
trace-sweep-20260902,trace,cd10_20260824_recorder.csv,2026-09-02T16:01:06,2026-09-04T11:00:14,63.9,4.9,192.6,ode,primary,"The 43 h hand-walked sweep, 4.9-192.6 K -- what the production ODE is fitted to. These bounds are the region export region_20260903-123832_complete_sweep_even_larger.csv's exactly, and the archive reproduces it row for row: 77375 rows, Sample and u_pct identical, Coldplate 1.2 mK rms different because the export rounded before the remap (41 mK worst, at values it wrote as 6.4000). Ends 67 min before the 2026-09-04 12:07 recalibration, so it is entirely pre-cutover."
rec-20260903-144856,jump,cd10_20260824_recorder.csv,2026-09-03T14:48:56.641,2026-09-03T14:55:18.656,64.9981,157.05,180.52,excluded,over-extrapolated,
rec-20260903-145520,jump,cd10_20260824_recorder.csv,2026-09-03T14:55:20.664,2026-09-03T14:56:42.672,65.997,155.15,156.99,excluded,over-extrapolated,
rec-20260903-145644,jump,cd10_20260824_recorder.csv,2026-09-03T14:56:44.660,2026-09-03T14:57:34.674,66.299,154.41,155.15,excluded,over-extrapolated,
rec-20260903-145758,jump,cd10_20260824_recorder.csv,2026-09-03T14:57:58.653,2026-09-03T14:59:08.661,66.998,154.17,154.39,excluded,unresolved,
rec-20260903-145910,jump,cd10_20260824_recorder.csv,2026-09-03T14:59:10.661,2026-09-03T15:01:10.651,66.949,154.28,154.39,excluded,unresolved,
rec-20260903-150112,jump,cd10_20260824_recorder.csv,2026-09-03T15:01:12.673,2026-09-03T15:17:44.652,66.497,149.28,154.33,excluded,unsettled,
rec-20260903-151746,jump,cd10_20260824_recorder.csv,2026-09-03T15:17:46.672,2026-09-03T15:27:46.650,65.997,144.3,149.3,excluded,over-extrapolated,
rec-20260903-152748,jump,cd10_20260824_recorder.csv,2026-09-03T15:27:48.658,2026-09-03T15:42:40.681,66.998,144.28,152.11,excluded,over-extrapolated,
rec-20260903-154242,jump,cd10_20260824_recorder.csv,2026-09-03T15:42:42.662,2026-09-03T17:02:38.668,65.7977,138.58,152.16,tau,tau,
rec-20260903-170240,jump,cd10_20260824_recorder.csv,2026-09-03T17:02:40.704,2026-09-03T18:04:16.697,65.197,130.7,138.67,tau,tau,
rec-20260903-180418,jump,cd10_20260824_recorder.csv,2026-09-03T18:04:18.677,2026-09-03T18:06:03.115,68.997,130.82,139.4,excluded,over-extrapolated,
rec-20260903-180604,jump,cd10_20260824_recorder.csv,2026-09-03T18:06:04.687,2026-09-03T18:08:58.705,64.9985,136.32,139.57,excluded,over-extrapolated,
rec-20260903-180900,jump,cd10_20260824_recorder.csv,2026-09-03T18:09:00.667,2026-09-03T18:10:46.716,61.999,128.16,136.25,excluded,over-extrapolated,
rec-20260903-181048,jump,cd10_20260824_recorder.csv,2026-09-03T18:10:48.675,2026-09-03T18:11:33.645,62.997,126.13,128.0,excluded,over-extrapolated,
rec-20260903-181134,jump,cd10_20260824_recorder.csv,2026-09-03T18:11:34.721,2026-09-03T18:12:10.669,63.998,125.36,126.05,excluded,over-extrapolated,
rec-20260903-181212,jump,cd10_20260824_recorder.csv,2026-09-03T18:12:12.678,2026-09-03T18:14:24.690,64.9989,125.32,126.08,excluded,unsettled,
rec-20260903-181426,jump,cd10_20260824_recorder.csv,2026-09-03T18:14:26.692,2026-09-03T18:17:06.719,60.998,113.09,126.02,excluded,over-extrapolated,
rec-20260903-181746,jump,cd10_20260824_recorder.csv,2026-09-03T18:17:46.676,2026-09-03T18:21:16.707,63.397,110.85,112.6,excluded,over-extrapolated,
rec-20260903-182118,jump,cd10_20260824_recorder.csv,2026-09-03T18:21:18.704,2026-09-03T18:24:42.701,63.497,110.06,110.84,excluded,over-extrapolated,
rec-20260903-182444,jump,cd10_20260824_recorder.csv,2026-09-03T18:24:44.701,2026-09-03T18:25:56.691,65.997,110.09,114.4,excluded,over-extrapolated,
rec-20260903-182558,jump,cd10_20260824_recorder.csv,2026-09-03T18:25:58.708,2026-09-03T18:26:30.711,64.498,114.46,114.79,excluded,unsettled,
rec-20260903-182633,jump,cd10_20260824_recorder.csv,2026-09-03T18:26:33.654,2026-09-03T18:27:33.633,64.297,114.83,115.22,excluded,over-extrapolated,
rec-20260903-182734,jump,cd10_20260824_recorder.csv,2026-09-03T18:27:34.718,2026-09-03T18:28:16.722,64.199,115.24,115.35,excluded,over-extrapolated,
rec-20260903-182818,jump,cd10_20260824_recorder.csv,2026-09-03T18:28:18.677,2026-09-03T18:29:06.681,59.997,110.55,115.35,excluded,over-extrapolated,
rec-20260903-182908,jump,cd10_20260824_recorder.csv,2026-09-03T18:29:08.671,2026-09-03T18:29:38.683,57.998,106.08,110.34,excluded,over-extrapolated,
rec-20260903-183030,jump,cd10_20260824_recorder.csv,2026-09-03T18:30:30.668,2026-09-03T18:31:24.706,62.997,97.695,98.463,excluded,unsettled,
rec-20260903-183126,jump,cd10_20260824_recorder.csv,2026-09-03T18:31:26.682,2026-09-03T18:36:42.696,63.497,98.496,103.35,excluded,over-extrapolated,
rec-20260903-183644,jump,cd10_20260824_recorder.csv,2026-09-03T18:36:44.690,2026-09-03T18:38:03.160,54.9979,86.771,103.29,excluded,over-extrapolated,
rec-20260903-183804,jump,cd10_20260824_recorder.csv,2026-09-03T18:38:04.684,2026-09-03T18:38:38.688,59.997,84.818,86.356,excluded,over-extrapolated,
rec-20260903-183903,jump,cd10_20260824_recorder.csv,2026-09-03T18:39:03.167,2026-09-03T18:41:30.701,61.697,84.428,84.875,excluded,unsettled,
rec-20260903-184133,jump,cd10_20260824_recorder.csv,2026-09-03T18:41:33.658,2026-09-03T18:44:18.717,63.497,84.898,92.774,excluded,over-extrapolated,
rec-20260903-184420,jump,cd10_20260824_recorder.csv,2026-09-03T18:44:20.686,2026-09-03T18:45:58.691,59.997,86.481,92.814,excluded,over-extrapolated,
rec-20260903-184600,jump,cd10_20260824_recorder.csv,2026-09-03T18:46:00.728,2026-09-03T18:47:12.702,54.9974,71.155,86.305,excluded,over-extrapolated,
rec-20260903-184714,jump,cd10_20260824_recorder.csv,2026-09-03T18:47:14.702,2026-09-03T18:48:03.168,58.9974,68.595,70.829,excluded,over-extrapolated,
rec-20260903-184804,jump,cd10_20260824_recorder.csv,2026-09-03T18:48:04.683,2026-09-03T18:49:33.674,59.997,67.971,68.517,excluded,over-extrapolated,
rec-20260903-184934,jump,cd10_20260824_recorder.csv,2026-09-03T18:49:34.716,2026-09-03T18:51:33.677,60.0489,67.512,67.971,excluded,unsettled,
rec-20260903-185134,jump,cd10_20260824_recorder.csv,2026-09-03T18:51:34.705,2026-09-03T18:53:04.699,60.546,67.505,68.855,excluded,unsettled,
rec-20260903-185306,jump,cd10_20260824_recorder.csv,2026-09-03T18:53:06.700,2026-09-03T19:11:58.692,60.943,68.886,75.768,tau,tau,
rec-20260903-191200,jump,cd10_20260824_recorder.csv,2026-09-03T19:12:00.712,2026-09-03T19:26:54.732,59.997,66.068,75.742,excluded,unsettled,
rec-20260903-192656,jump,cd10_20260824_recorder.csv,2026-09-03T19:26:56.679,2026-09-03T19:28:00.685,54.9979,51.983,65.953,excluded,over-extrapolated,
rec-20260903-192803,jump,cd10_20260824_recorder.csv,2026-09-03T19:28:03.162,2026-09-03T19:29:40.708,62.997,51.866,69.531,excluded,over-extrapolated,
rec-20260903-192942,jump,cd10_20260824_recorder.csv,2026-09-03T19:29:42.720,2026-09-03T19:37:06.692,58.9989,57.74,69.682,excluded,unsettled,
rec-20260903-193730,jump,cd10_20260824_recorder.csv,2026-09-03T19:37:30.739,2026-09-03T19:38:24.698,57.9976,46.136,48.178,excluded,unsettled,
rec-20260903-193834,jump,cd10_20260824_recorder.csv,2026-09-03T19:38:34.705,2026-09-03T19:39:56.706,69.998,51.52,86.953,excluded,over-extrapolated,
rec-20260903-193958,jump,cd10_20260824_recorder.csv,2026-09-03T19:39:58.718,2026-09-03T19:41:10.724,62.997,87.458,89.158,excluded,over-extrapolated,
rec-20260903-194130,jump,cd10_20260824_recorder.csv,2026-09-03T19:41:30.715,2026-09-03T19:57:48.729,57.998,49.329,79.89,excluded,unsettled,
rec-20260903-195750,jump,cd10_20260824_recorder.csv,2026-09-03T19:57:50.720,2026-09-03T20:04:33.662,56.997,43.652,49.284,steady,steady,
rec-20260903-200434,jump,cd10_20260824_recorder.csv,2026-09-03T20:04:34.718,2026-09-03T20:06:26.714,55.9979,39.562,43.656,excluded,unsettled,
rec-20260903-200628,jump,cd10_20260824_recorder.csv,2026-09-03T20:06:28.715,2026-09-03T20:07:00.740,59.997,39.893,48.249,excluded,over-extrapolated,
rec-20260903-200703,jump,cd10_20260824_recorder.csv,2026-09-03T20:07:03.181,2026-09-03T20:07:54.704,55.999,42.559,48.414,excluded,over-extrapolated,
rec-20260903-200756,jump,cd10_20260824_recorder.csv,2026-09-03T20:07:56.692,2026-09-03T20:08:24.704,56.997,42.477,43.018,excluded,unsettled,
rec-20260903-200842,jump,cd10_20260824_recorder.csv,2026-09-03T20:08:42.727,2026-09-03T20:09:42.733,55.999,47.863,57.88,excluded,over-extrapolated,
rec-20260903-201004,jump,cd10_20260824_recorder.csv,2026-09-03T20:10:04.706,2026-09-03T20:10:52.705,53.994,33.394,34.978,excluded,unsettled,
rec-20260903-201054,jump,cd10_20260824_recorder.csv,2026-09-03T20:10:54.720,2026-09-03T20:12:38.716,54.998,33.493,35.853,steady,steady,
rec-20260903-201240,jump,cd10_20260824_recorder.csv,2026-09-03T20:12:40.715,2026-09-03T20:18:34.703,54.397,34.073,35.807,steady,steady,
rec-20260903-201836,jump,cd10_20260824_recorder.csv,2026-09-03T20:18:36.700,2026-09-03T20:19:38.721,53.997,33.063,34.027,tau,tau,
rec-20260903-201940,jump,cd10_20260824_recorder.csv,2026-09-03T20:19:40.722,2026-09-03T20:20:16.715,53.497,31.946,33.017,excluded,unsettled,
rec-20260903-202030,jump,cd10_20260824_recorder.csv,2026-09-03T20:20:30.716,2026-09-03T20:22:18.728,53.399,31.654,40.02,steady,steady,
rec-20260903-202240,jump,cd10_20260824_recorder.csv,2026-09-03T20:22:40.713,2026-09-03T20:23:33.670,53.198,30.949,31.201,tau,tau,
rec-20260903-202334,jump,cd10_20260824_recorder.csv,2026-09-03T20:23:34.684,2026-09-03T20:24:18.698,52.9989,30.77,31.199,tau,tau,
rec-20260903-202433,jump,cd10_20260824_recorder.csv,2026-09-03T20:24:33.687,2026-09-03T20:25:00.691,52.898,27.12,30.377,steady,steady,
rec-20260903-202503,jump,cd10_20260824_recorder.csv,2026-09-03T20:25:03.180,2026-09-03T20:26:06.706,52.4975,29.766,30.347,tau,tau,
rec-20260903-202608,jump,cd10_20260824_recorder.csv,2026-09-03T20:26:08.709,2026-09-03T20:28:16.701,52.197,29.201,29.72,tau,tau,
rec-20260903-202818,jump,cd10_20260824_recorder.csv,2026-09-03T20:28:18.714,2026-09-03T20:28:58.711,51.9974,28.842,29.178,tau,tau,
rec-20260903-202900,jump,cd10_20260824_recorder.csv,2026-09-03T20:29:00.750,2026-09-03T20:29:42.694,50.997,27.235,28.724,tau,tau,
rec-20260903-202944,jump,cd10_20260824_recorder.csv,2026-09-03T20:29:44.708,2026-09-03T20:30:18.724,51.498,27.33,27.978,tau,tau,
rec-20260903-203020,jump,cd10_20260824_recorder.csv,2026-09-03T20:30:20.714,2026-09-03T20:31:08.676,46.997,22.431,27.17,steady,steady,
rec-20260903-203110,jump,cd10_20260824_recorder.csv,2026-09-03T20:31:10.691,2026-09-03T20:32:03.190,48.297,22.73,23.729,steady,steady,
rec-20260903-203224,jump,cd10_20260824_recorder.csv,2026-09-03T20:32:24.738,2026-09-03T20:33:30.738,49.496,24.116,25.11,steady,steady,
rec-20260903-203356,jump,cd10_20260824_recorder.csv,2026-09-03T20:33:56.698,2026-09-03T20:34:26.699,50.595,25.465,26.548,tau,tau,
rec-20260903-203428,jump,cd10_20260824_recorder.csv,2026-09-03T20:34:28.709,2026-09-03T20:34:56.740,49.996,25.757,26.444,tau,tau,
rec-20260903-203458,jump,cd10_20260824_recorder.csv,2026-09-03T20:34:58.745,2026-09-03T20:35:44.715,45.993,21.444,24.998,steady,steady,
rec-20260903-203546,jump,cd10_20260824_recorder.csv,2026-09-03T20:35:46.719,2026-09-03T20:36:16.719,45.397,20.92,21.297,steady,steady,
rec-20260903-203700,jump,cd10_20260824_recorder.csv,2026-09-03T20:37:00.725,2026-09-03T20:37:40.707,43.997,19.758,20.034,steady,steady,
rec-20260903-203742,jump,cd10_20260824_recorder.csv,2026-09-03T20:37:42.705,2026-09-03T20:38:12.741,43.398,19.302,19.602,steady,steady,
rec-20260903-203850,jump,cd10_20260824_recorder.csv,2026-09-03T20:38:50.715,2026-09-03T20:39:24.713,39.999,17.023,17.817,steady,steady,
rec-20260903-204000,jump,cd10_20260824_recorder.csv,2026-09-03T20:40:00.736,2026-09-03T20:40:40.720,35.998,14.439,14.806,steady,steady,
rec-20260903-204148,jump,cd10_20260824_recorder.csv,2026-09-03T20:41:48.728,2026-09-03T20:42:18.730,24.996,10.248,10.998,steady,steady,
rec-20260903-204220,jump,cd10_20260824_recorder.csv,2026-09-03T20:42:20.730,2026-09-03T20:44:30.721,27.9987,10.95,11.295,steady,steady,
rec-20260903-204433,jump,cd10_20260824_recorder.csv,2026-09-03T20:44:33.659,2026-09-03T20:45:10.747,39.9989,14.611,16.898,steady,steady,
rec-20260903-204534,jump,cd10_20260824_recorder.csv,2026-09-03T20:45:34.713,2026-09-03T20:46:30.683,0.0,5.081,8.663,steady,steady,
rec-20260903-204633,jump,cd10_20260824_recorder.csv,2026-09-03T20:46:33.680,2026-09-03T20:48:00.717,4.9987,5.257,5.343,excluded,unsettled,
rec-20260903-204906,jump,cd10_20260824_recorder.csv,2026-09-03T20:49:06.739,2026-09-03T20:49:34.726,18.994,8.028,8.195,steady,steady,
rec-20260903-204956,jump,cd10_20260824_recorder.csv,2026-09-03T20:49:56.729,2026-09-03T20:51:08.713,0.0,4.898,4.967,excluded,unsettled,
rec-20260903-205138,jump,cd10_20260824_recorder.csv,2026-09-03T20:51:38.710,2026-09-03T20:52:56.720,5.9997,5.272,5.295,steady,steady,
rec-20260903-205258,jump,cd10_20260824_recorder.csv,2026-09-03T20:52:58.719,2026-09-03T20:55:36.733,55.9969,18.369,38.635,steady,steady,
rec-20260903-205538,jump,cd10_20260824_recorder.csv,2026-09-03T20:55:38.740,2026-09-03T21:06:20.738,69.998,39.893,155.15,excluded,over-extrapolated,
rec-20260903-210703,hold,cd10_20260824_recorder.csv,2026-09-03T21:07:03.179,2026-09-04T11:45:36.881,69.998,154.03,193.08,tau,tau,"The sweep's closing hold at 69.998%. The region export cut it at 11:00:14 on 09-04, 45 min early, which read 192.394 K; the whole dwell reads 192.367 K. Overlaps trace-sweep-20260902 by design -- see REFIT_PLAN.md trap T4: drop this anchor whenever that trace is being integrated, or the same evidence is counted twice."
rec-20260904-114538,jump,cd10_20260824_recorder.csv,2026-09-04T11:45:38.881,2026-09-04T11:48:58.857,68.997,190.31,193.08,excluded,over-extrapolated,
rec-20260904-114900,jump,cd10_20260824_recorder.csv,2026-09-04T11:49:00.867,2026-09-04T11:50:18.908,69.7988,190.24,190.66,excluded,unresolved,
rec-20260904-115042,jump,cd10_20260824_recorder.csv,2026-09-04T11:50:42.864,2026-09-04T12:07:16.875,69.7982,190.75,192.42,excluded,unsettled,
pc-20260904-233855,hold,cd10_20260904_recorder.csv,2026-09-04T23:38:55.651,2026-09-05T11:10:19.306,62.347,96.476,96.59,steady,steady,"Post-recal anchor 1 of 3: 11.52 h at 62.347% settling on 96.48 K, under 1.4 mK/h at the end. No fit input contained it before 2026-09-09, and the shipped table reads it 4.35 K low. REFIT_PLAN.md 2.1."
pc-20260905-111021,jump,cd10_20260904_recorder.csv,2026-09-05T11:10:21.318,2026-09-05T11:12:31.319,67.997,96.542,114.64,excluded,over-extrapolated,
pc-20260905-111233,jump,cd10_20260904_recorder.csv,2026-09-05T11:12:33.344,2026-09-05T11:18:43.316,57.9978,72.036,114.83,excluded,over-extrapolated,
pc-20260905-111845,jump,cd10_20260904_recorder.csv,2026-09-05T11:18:45.304,2026-09-05T11:19:15.311,59.997,71.706,71.887,excluded,over-extrapolated,
pc-20260905-111917,jump,cd10_20260904_recorder.csv,2026-09-05T11:19:17.328,2026-09-05T11:19:45.334,69.998,71.8,82.394,excluded,over-extrapolated,
pc-20260905-111947,jump,cd10_20260904_recorder.csv,2026-09-05T11:19:47.333,2026-09-05T11:51:13.311,59.997,68.401,83.032,tau,tau,
trace-ladder-20260905,trace,cd10_20260904_recorder.csv,2026-09-05T11:45:33,2026-09-05T17:35:05,45.0,4.8,114.5,ode,primary,"The programmed ladder -- 30 rungs, 7.19-63.70%, run by ltspm3.tools.sweep against the live recorder in 4 h 17 min, plus the aborted 13-rung attempt before it. It filled 26-105 K, where the 43 h sweep left no settled point at all, and it is what showed the shipped model 4.5 K low there. Bounds are region_20260905-114532_many_tau_steps.csv's exactly; the archive reproduces that export row for row in every column."
pc-20260905-115115,jump,cd10_20260904_recorder.csv,2026-09-05T11:51:15.359,2026-09-05T12:04:37.342,47.998,23.617,68.316,steady,steady,
pc-20260905-120451,jump,cd10_20260904_recorder.csv,2026-09-05T12:04:51.343,2026-09-05T12:22:57.306,0.0,4.813,7.348,steady,steady,
pc-20260905-122259,jump,cd10_20260904_recorder.csv,2026-09-05T12:22:59.351,2026-09-05T12:24:59.362,7.1858,5.277,5.408,steady,steady,
pc-20260905-122501,jump,cd10_20260904_recorder.csv,2026-09-05T12:25:01.343,2026-09-05T12:27:03.335,10.147,5.787,5.944,steady,steady,
pc-20260905-122705,jump,cd10_20260904_recorder.csv,2026-09-05T12:27:05.319,2026-09-05T12:29:05.337,12.973,6.362,6.568,steady,steady,
pc-20260905-122907,jump,cd10_20260904_recorder.csv,2026-09-05T12:29:07.338,2026-09-05T12:31:09.362,15.725,7.013,7.265,steady,steady,
pc-20260905-123111,jump,cd10_20260904_recorder.csv,2026-09-05T12:31:11.340,2026-09-05T12:33:13.348,18.548,7.779,8.057,steady,steady,
pc-20260905-123315,jump,cd10_20260904_recorder.csv,2026-09-05T12:33:15.349,2026-09-05T12:35:15.341,21.408,8.418,8.931,steady,steady,
pc-20260905-123517,jump,cd10_20260904_recorder.csv,2026-09-05T12:35:17.362,2026-09-05T12:37:19.336,24.377,9.328,9.924,steady,steady,
pc-20260905-123721,jump,cd10_20260904_recorder.csv,2026-09-05T12:37:21.330,2026-09-05T12:39:21.339,27.4075,10.372,11.023,steady,steady,
pc-20260905-123923,jump,cd10_20260904_recorder.csv,2026-09-05T12:39:23.805,2026-09-05T12:41:23.798,30.532,11.504,12.269,steady,steady,
pc-20260905-124125,jump,cd10_20260904_recorder.csv,2026-09-05T12:41:25.317,2026-09-05T12:43:25.326,33.663,12.536,13.649,steady,steady,
pc-20260905-124327,jump,cd10_20260904_recorder.csv,2026-09-05T12:43:27.338,2026-09-05T12:45:29.348,36.795,14.191,15.213,steady,steady,
pc-20260905-124531,jump,cd10_20260904_recorder.csv,2026-09-05T12:45:31.352,2026-09-05T12:47:33.340,39.807,15.742,16.936,steady,steady,
pc-20260905-124735,jump,cd10_20260904_recorder.csv,2026-09-05T12:47:35.335,2026-09-05T13:06:13.347,42.669,17.324,18.856,steady,steady,
pc-20260905-130615,jump,cd10_20260904_recorder.csv,2026-09-05T13:06:15.363,2026-09-05T13:18:05.335,0.0,4.814,10.887,steady,steady,
pc-20260905-131807,jump,cd10_20260904_recorder.csv,2026-09-05T13:18:07.347,2026-09-05T13:18:54.290,7.1856,5.267,5.406,steady,steady,
pc-20260905-131855,jump,cd10_20260904_recorder.csv,2026-09-05T13:18:55.348,2026-09-05T13:19:41.353,10.147,5.433,5.939,steady,steady,
pc-20260905-131943,jump,cd10_20260904_recorder.csv,2026-09-05T13:19:43.361,2026-09-05T13:20:29.350,12.973,6.313,6.562,steady,steady,
pc-20260905-132031,jump,cd10_20260904_recorder.csv,2026-09-05T13:20:31.352,2026-09-05T13:21:17.344,15.725,7.017,7.256,steady,steady,
pc-20260905-132119,jump,cd10_20260904_recorder.csv,2026-09-05T13:21:19.358,2026-09-05T13:22:05.323,18.548,7.618,8.045,steady,steady,
pc-20260905-132207,jump,cd10_20260904_recorder.csv,2026-09-05T13:22:07.368,2026-09-05T13:22:54.315,21.408,8.434,8.916,steady,steady,
pc-20260905-132255,jump,cd10_20260904_recorder.csv,2026-09-05T13:22:55.374,2026-09-05T13:23:41.329,24.377,8.962,9.905,steady,steady,
pc-20260905-132343,jump,cd10_20260904_recorder.csv,2026-09-05T13:23:43.352,2026-09-05T13:24:29.358,27.4074,10.379,11.002,steady,steady,
pc-20260905-132431,jump,cd10_20260904_recorder.csv,2026-09-05T13:24:31.358,2026-09-05T13:25:17.326,30.532,11.515,12.243,steady,steady,
pc-20260905-132519,jump,cd10_20260904_recorder.csv,2026-09-05T13:25:19.342,2026-09-05T13:26:05.334,33.663,12.799,13.62,steady,steady,
pc-20260905-132607,jump,cd10_20260904_recorder.csv,2026-09-05T13:26:07.332,2026-09-05T13:26:54.328,36.795,14.066,15.179,steady,steady,
pc-20260905-132655,jump,cd10_20260904_recorder.csv,2026-09-05T13:26:55.336,2026-09-05T13:27:41.342,39.807,15.18,16.898,steady,steady,
pc-20260905-132743,jump,cd10_20260904_recorder.csv,2026-09-05T13:27:43.345,2026-09-05T13:28:29.348,42.669,17.316,18.794,steady,steady,
pc-20260905-132831,jump,cd10_20260904_recorder.csv,2026-09-05T13:28:31.383,2026-09-05T13:29:17.341,45.303,19.154,20.874,steady,steady,
pc-20260905-132919,jump,cd10_20260904_recorder.csv,2026-09-05T13:29:19.349,2026-09-05T13:30:05.346,47.6891,21.174,23.168,steady,steady,
pc-20260905-133007,jump,cd10_20260904_recorder.csv,2026-09-05T13:30:07.356,2026-09-05T13:30:55.351,49.8188,23.4,25.719,steady,steady,
pc-20260905-133057,jump,cd10_20260904_recorder.csv,2026-09-05T13:30:57.362,2026-09-05T13:32:05.367,51.708,25.905,28.626,steady,steady,
pc-20260905-133207,jump,cd10_20260904_recorder.csv,2026-09-05T13:32:07.332,2026-09-05T13:33:45.340,53.393,28.759,32.02,steady,steady,
pc-20260905-133347,jump,cd10_20260904_recorder.csv,2026-09-05T13:33:47.378,2026-09-05T13:36:15.353,54.833,32.116,35.915,steady,steady,
pc-20260905-133617,jump,cd10_20260904_recorder.csv,2026-09-05T13:36:17.348,2026-09-05T13:40:07.331,56.0603,35.977,40.321,steady,steady,
pc-20260905-134009,jump,cd10_20260904_recorder.csv,2026-09-05T13:40:09.354,2026-09-05T13:46:07.364,57.1077,40.35,45.323,steady,steady,
pc-20260905-134609,jump,cd10_20260904_recorder.csv,2026-09-05T13:46:09.331,2026-09-05T13:54:57.372,58.004,45.342,50.766,steady,steady,
pc-20260905-135459,jump,cd10_20260904_recorder.csv,2026-09-05T13:54:59.370,2026-09-05T14:07:27.358,58.798,50.785,56.784,steady,steady,
pc-20260905-140729,jump,cd10_20260904_recorder.csv,2026-09-05T14:07:29.384,2026-09-05T14:24:03.346,59.5,56.798,63.176,tau,tau,
pc-20260905-142405,jump,cd10_20260904_recorder.csv,2026-09-05T14:24:05.375,2026-09-05T14:45:15.348,60.165,63.179,69.945,tau,tau,
pc-20260905-144517,jump,cd10_20260904_recorder.csv,2026-09-05T14:45:17.361,2026-09-05T15:11:07.366,60.7985,69.945,77.121,tau,tau,
pc-20260905-151109,jump,cd10_20260904_recorder.csv,2026-09-05T15:11:09.357,2026-09-05T15:41:27.384,61.447,77.122,84.931,tau,tau,
pc-20260905-154129,jump,cd10_20260904_recorder.csv,2026-09-05T15:41:29.384,2026-09-05T16:16:03.359,62.121,84.919,93.546,tau,tau,
pc-20260905-161605,jump,cd10_20260904_recorder.csv,2026-09-05T16:16:05.394,2026-09-05T16:55:07.396,62.8702,93.537,103.29,tau,tau,
pc-20260905-165509,hold,cd10_20260904_recorder.csv,2026-09-05T16:55:09.374,2026-09-08T14:51:24.527,63.699,103.27,114.47,tau,tau,"Post-recal anchor 2 of 3, and the longest settled window in the archive: 69.94 h at 63.699% resting on 114.396 K, reach 472, graded on its time constant rather than on a rate. The shipped table reads it 4.42 K low. It also checks the ladder: the 09-05 rung at this same output ran 40 min and extrapolated to 114.282 K, which the 70-hour hold then confirmed to 0.11 K. This is where the sweep tool left the heater; it did not move for three days."
pc-20260908-145126,jump,cd10_20260904_recorder.csv,2026-09-08T14:51:26.063,2026-09-08T14:53:10.063,63.897,114.44,114.9,excluded,unsettled,
pc-20260908-145312,jump,cd10_20260904_recorder.csv,2026-09-08T14:53:12.061,2026-09-08T14:55:32.089,64.8942,114.9,118.53,excluded,over-extrapolated,
pc-20260908-145534,jump,cd10_20260904_recorder.csv,2026-09-08T14:55:34.101,2026-09-08T14:59:56.102,63.8887,117.86,118.6,excluded,unsettled,
pc-20260908-145958,jump,cd10_20260904_recorder.csv,2026-09-08T14:59:58.063,2026-09-08T15:02:32.084,64.886,117.86,120.99,excluded,over-extrapolated,
pc-20260908-150234,jump,cd10_20260904_recorder.csv,2026-09-08T15:02:34.070,2026-09-08T15:48:12.093,63.998,118.36,121.03,tau,tau,"The 63.699 -> 63.998% step: a clean 4 K relaxation with a full settle after it, so tau at 118 K is measured here rather than inferred -- 525 s at reach 5.2. The two excluded rungs either side of it are the recorder's readback flicker between adjacent DAC codes, not commands."
pc-20260908-154814,hold,cd10_20260904_recorder.csv,2026-09-08T15:48:14.093,2026-09-09T18:06:02.332,64.0155,118.38,118.79,steady,steady,"Post-recal anchor 3 of 3: 26.30 h at 64.0155% on 118.570 K. Ends where mask-20260909-180604 begins, and that cut is what makes it an anchor -- read through the transient the same stretch fits a 24-day pole, reach 0.05, and grades as nothing. The shipped table reads it 4.44 K low. The pre-2026-09-10 inputs saw only its first 24.47 h and put it at 118.535 K."
mask-20260909-180604,mask,cd10_20260904_recorder.csv,2026-09-09T18:06:04,2026-09-09T21:20:00,64.0155,118.24,118.63,excluded,transient,"Power transient. At a fixed output the cold-head channels stepped down at 18:06:04 (Coldplate -7.6 mK, 1st Stage -80 mK, 2nd Stage -19 mK) and the sample then fell 0.37 K over three hours, flat again by 21:20. Propagated through the fitted Lambda' ratio the coldplate step accounts for ~0.07 K of it, so something moves the sample's steady state at constant power that Lambda(T_s)-Lambda(T_c) cannot see. Spans the 20:12:52 recording gap, which is unrelated. REFIT_PLAN.md 2.5 -- a diagnostic, not yet a model term."
pc-20260909-212001,jump,cd10_20260904_recorder.csv,2026-09-09T21:20:01.155,2026-09-09T23:59:59.187,64.0153,118.19,118.3,steady,steady,"The same 64.015% output as pc-20260908-154814, after the transient, settled again 2.67 h later -- and 0.48 K colder. Nothing versioned before 2026-09-10 reached past 16:16 that day, so this pair is the only measurement of the load path of REFIT_PLAN.md 2.5: two settled steady states at one heater output, three hours apart. Segment 1, so it is clear of the 20:12:52 recording gap."
